x_min,x_max,y_min,y_max
-35.33969620392413,38.47362142955508,-39.01172080433954,39.30782868523499
