x_min,x_max,y_min,y_max
-34.7838679888503,34.81777696661944,-32.82132723264599,34.3016493602792
