x_min,x_max,y_min,y_max
-14.909964668123127,18.73848756760961,-19.327336101547058,15.31666387671227
