x_min,x_max,y_min,y_max
-35.49464500757014,37.31243995706289,-35.754422213495914,35.08138000473058
